Abingdon,"$15,711"
Addieville,"$16,415"
Addison,"$21,201"
Adeline,"$20,301"
Albany,"$18,780"
Albers,"$19,017"
Albion,"$14,747"
Aledo,"$18,498"
Alexis,"$17,059"
Algonquin,"$29,820"
Alhambra,"$16,124"
Allendale,"$12,117"
Allenville,"$16,586"
Allerton,"$17,512"
Alma,"$12,693"
Alorton,"$8,777"
Alpha,"$17,407"
Alsey,"$15,652"
Alsip,"$20,498"
Altamont,"$15,478"
Alto Pass,"$17,288"
Alton,"$16,817"
Altona,"$15,805"
Alvin,"$13,773"
Amboy,"$18,183"
Anchor,"$17,642"
Andalusia,"$20,626"
Andover,"$18,439"
Anna,"$16,714"
Annawan,"$15,839"
Antioch,"$25,711"
Apple River,"$18,267"
Arcola,"$18,664"
Arenzville,"$19,730"
Argenta,"$18,154"
Arlington,"$12,148"
Arlington Heights,"$33,544"
Armington,"$17,866"
Aroma Park,"$17,806"
Arrowsmith,"$17,261"
Arthur,"$19,683"
Ashkum,"$20,806"
Ashland,"$20,090"
Ashley,"$14,694"
Ashmore,"$14,886"
Ashton,"$21,200"
Assumption,"$16,421"
Astoria,"$12,758"
Athens,"$17,981"
Atkinson,"$17,732"
Atlanta,"$20,460"
Atwood,"$18,028"
Auburn,"$18,368"
Augusta,"$15,237"
Aurora,"$22,131"
Ava,"$16,324"
Aviston,"$20,395"
Avon,"$16,257"
Baldwin,"$13,009"
Banner,"$13,101"
Bannockburn,"$39,303"
Bardolph,"$11,361"
Barrington,"$43,942"
Barrington Hills,"$91,555"
Barry,"$18,097"
Bartelso,"$16,584"
Bartlett,"$29,652"
Bartonville,"$20,580"
Basco,"$16,746"
Batavia,"$27,783"
Batchtown,"$16,013"
Bath,"$10,262"
Bay View Gardens,"$15,230"
Baylis,"$11,251"
Beach Park,"$23,803"
Beardstown,"$13,777"
Beaverville,"$13,707"
Beckemeyer,"$17,039"
Bedford Park,"$22,887"
Beecher,"$23,454"
Beecher City,"$12,779"
Belgium,"$16,038"
Belknap,"$13,319"
Belle Prairie City,"$19,528"
Belle Rive,"$15,221"
Belleville,"$18,990"
Bellevue,"$14,228"
Bellflower,"$16,200"
Bellmont,"$14,263"
Bellwood,"$19,420"
Belvidere,"$17,804"
Bement,"$17,995"
Benld,"$15,521"
Bensenville,"$20,040"
Benson,"$19,358"
Bentley,"$9,269"
Benton,"$15,787"
Berkeley,"$24,334"
Berlin,"$15,079"
Berwyn,"$19,113"
Bethalto,"$18,697"
Bethany,"$16,888"
Biggsville,"$17,215"
Bingham,"$9,780"
Birds,"$9,216"
Bishop Hill,"$26,145"
Bismarck,"$15,255"
Blandinsville,"$15,203"
Bloomingdale,"$30,941"
Bloomington,"$24,751"
Blue Island,"$16,156"
Blue Mound,"$20,039"
Bluffs,"$16,705"
Bluford,"$15,537"
Bolingbrook,"$23,468"
Bondville,"$17,439"
Bone Gap,"$10,804"
Bonfield,"$18,531"
Bonnie,"$13,998"
Boulder Hill,"$21,536"
Bourbonnais,"$22,476"
Bowen,"$13,241"
Braceville,"$17,586"
Bradford,"$16,279"
Bradley,"$19,035"
Braidwood,"$20,545"
Breese,"$20,530"
Bridgeport,"$12,960"
Bridgeview,"$18,802"
Brighton,"$16,453"
Brimfield,"$16,090"
Broadlands,"$15,366"
Broadview,"$22,178"
Broadwell,"$19,911"
Brocton,"$20,960"
Brookfield,"$24,307"
Brooklyn,"$7,944"
Brookport,"$11,751"
Broughton,"$11,926"
Browning,"$18,109"
Browns,"$10,922"
Brownstown,"$15,239"
Brussels,"$16,281"
Bryant,"$13,740"
Buckingham,"$19,816"
Buckley,"$21,251"
Buckner,"$12,260"
Buda,"$15,320"
Buffalo,"$19,637"
Buffalo Grove,"$49,696"
Bull Valley,"$54,022"
Bulpitt,"$14,807"
Buncombe,"$14,975"
Bunker Hill,"$16,798"
Burbank,"$18,923"
Bureau Junction,"$15,490"
Burlington,"$25,349"
Burnham,"$16,747"
Burnt Prairie,"$14,572"
Burr Ridge,"$58,518"
Bush,"$11,503"
Bushnell,"$17,263"
Butler,"$11,081"
Byron,"$17,164"
Cabery,"$14,839"
Cahokia,"$14,545"
Cairo,"$16,220"
Caledonia,"$19,134"
Calhoun,"$14,679"
Calumet City,"$18,123"
Calumet Park,"$18,283"
Camargo,"$18,369"
Cambria,"$12,913"
Cambridge,"$17,842"
Camden,"$9,981"
Camp Point,"$15,211"
Campbell Hill,"$17,009"
Campus,"$19,005"
Canton,"$17,012"
Cantrall,"$21,610"
Capron,"$17,624"
Carbon Cliff,"$16,998"
Carbon Hill,"$22,228"
Carbondale,"$13,346"
Carlinville,"$16,663"
Carlock,"$20,227"
Carlyle,"$18,744"
Carmi,"$15,886"
Carol Stream,"$25,152"
Carpentersville,"$17,424"
Carrier Mills,"$14,314"
Carrollton,"$16,340"
Carterville,"$18,884"
Carthage,"$18,269"
Cary,"$26,903"
Casey,"$16,266"
Caseyville,"$15,467"
Catlin,"$19,164"
Cave-In-Rock,"$12,050"
Cedar Point,"$18,988"
Cedarville,"$20,076"
Central City,"$13,151"
Centralia,"$17,174"
Centreville,"$11,150"
Cerro Gordo,"$16,635"
Chadwick,"$16,617"
Champaign,"$18,664"
Chandlerville,"$15,812"
Channahon,"$22,867"
Channel Lake,"$27,772"
Chapin,"$16,972"
Charleston,"$14,522"
Chatham,"$23,167"
Chatsworth,"$15,241"
Chebanse,"$19,290"
Chenoa,"$19,559"
Cherry,"$19,313"
Cherry Valley,"$23,725"
Chester,"$22,190"
Chesterfield,"$18,555"
Chicago,"$20,175"
Chicago Heights,"$14,963"
Chicago Ridge,"$20,278"
Chillicothe,"$22,118"
Chrisman,"$16,651"
Christopher,"$15,141"
Cicero,"$12,489"
Cisco,"$17,722"
Cisne,"$14,044"
Cissna Park,"$18,285"
Claremont,"$15,606"
Clarendon Hills,"$41,859"
Clay City,"$13,776"
Clayton,"$13,882"
Clear Lake,"$15,284"
Cleveland,"$19,990"
Clifton,"$20,618"
Clinton,"$18,729"
Coal City,"$23,662"
Coal Valley,"$20,996"
Coalton,"$21,901"
Coatsburg,"$15,026"
Cobden,"$13,978"
Coffeen,"$13,755"
Colchester,"$15,354"
Coleta,"$17,439"
Colfax,"$17,993"
Collinsville,"$22,048"
Colona,"$17,265"
Colp,"$13,769"
Columbia,"$26,767"
Columbus,"$16,429"
Compton,"$13,205"
Concord,"$13,212"
Congerville,"$20,795"
Cooksville,"$16,984"
Cordova,"$21,442"
Cornell,"$18,655"
Cortland,"$18,775"
Coulterville,"$17,994"
Country Club Hills,"$21,561"
Countryside,"$25,449"
Cowden,"$12,583"
Coyne Center,"$19,093"
Crainville,"$17,911"
Creal Springs,"$13,483"
Crescent City,"$17,308"
Crest Hill,"$22,317"
Creston,"$18,927"
Crestwood,"$21,995"
Crete,"$29,671"
Creve Coeur,"$16,712"
Crossville,"$14,835"
Crystal Lake,"$26,146"
Crystal Lawns,"$20,369"
Cuba,"$16,608"
Cullom,"$17,207"
Cutler,"$13,678"
Cypress,"$13,849"
Dahlgren,"$13,862"
Dakota,"$18,440"
Dallas City,"$16,188"
Dalton City,"$16,946"
Dalzell,"$20,215"
Damiansville,"$18,985"
Dana,"$13,349"
Danforth,"$17,754"
Danvers,"$19,598"
Danville,"$16,476"
Darien,"$39,795"
Davis,"$18,595"
Davis Junction,"$16,915"
Dawson,"$19,686"
De Land,"$17,377"
De Pue,"$15,273"
De Soto,"$15,526"
De Witt,"$18,552"
Decatur,"$19,009"
Deer Creek,"$17,578"
Deer Grove,"$16,651"
Deer Park,"$61,429"
Deerfield,"$50,664"
DeKalb,"$16,261"
Delavan,"$18,734"
Des Plaines,"$24,146"
Detroit,"$11,127"
Diamond,"$20,223"
Dieterich,"$16,652"
Divernon,"$18,670"
Dix,"$12,463"
Dixmoor,"$11,712"
Dixon,"$16,630"
Dolton,"$18,102"
Dongola,"$11,917"
Donnellson,"$13,665"
Donovan,"$22,215"
Dorchester,"$17,753"
Dover,"$14,070"
Dowell,"$12,464"
Downers Grove,"$31,580"
Downs,"$22,468"
Du Bois,"$12,367"
Du Quoin,"$14,883"
Dunfermline,"$16,152"
Dunlap,"$20,407"
Dupo,"$18,505"
Durand,"$19,211"
Dwight,"$20,928"
Eagarville,"$18,605"
Earlville,"$16,722"
East Alton,"$15,572"
East Brooklyn,"$21,470"
East Cape Girardeau,"$14,420"
East Carondelet,"$13,402"
East Dubuque,"$20,984"
East Dundee,"$31,695"
East Galesburg,"$21,532"
East Gillespie,"$20,628"
East Hazel Crest,"$18,488"
East Moline,"$18,245"
East Peoria,"$20,147"
East St. Louis,"$11,169"
Easton,"$14,745"
Eddyville,"$13,084"
Edgewood,"$12,338"
Edinburg,"$18,243"
Edwardsville,"$26,510"
Effingham,"$19,132"
El Dara,"$11,422"
El Paso,"$21,730"
Elburn,"$26,781"
Eldorado,"$12,980"
Eldred,"$13,772"
Elgin,"$21,112"
Elizabeth,"$17,235"
Elizabethtown,"$17,567"
Elk Grove Village,"$28,515"
Elkhart,"$19,958"
Elkville,"$12,475"
Elliott,"$18,203"
Ellis Grove,"$14,527"
Ellisville,"$16,225"
Ellsworth,"$18,439"
Elmhurst,"$32,015"
Elmwood,"$19,797"
Elmwood Park,"$22,526"
Elsah,"$13,154"
Elvaston,"$27,947"
Elwood,"$22,442"
Emden,"$17,082"
Emington,"$12,183"
Energy,"$14,656"
Enfield,"$13,455"
Equality,"$12,961"
Erie,"$18,775"
Essex,"$18,686"
Eureka,"$20,460"
Evanston,"$33,645"
Evansville,"$20,194"
Evergreen Park,"$23,038"
Ewing,"$14,917"
Exeter,"$18,968"
Fairbury,"$19,145"
Fairfield,"$16,791"
Fairmont,"$17,260"
Fairmont City,"$12,203"
Fairmount,"$16,691"
Fairview,"$18,677"
Fairview Heights,"$22,614"
Farina,"$17,068"
Farmer City,"$19,946"
Farmersville,"$16,606"
Farmington,"$19,336"
Fayetteville,"$12,163"
Ferris,"$16,341"
Fidelity,"$7,798"
Fieldon,"$14,811"
Fillmore,"$14,363"
Findlay,"$15,990"
Fisher,"$18,262"
Fithian,"$19,856"
Flanagan,"$19,767"
Flat Rock,"$16,398"
Flora,"$15,653"
Florence,"$9,878"
Flossmoor,"$42,820"
Foosland,"$20,173"
Ford Heights,"$8,938"
Forest City,"$13,855"
Forest Lake,"$28,737"
Forest Park,"$26,045"
Forest View,"$21,376"
Forrest,"$17,707"
Forreston,"$16,958"
Forsyth,"$34,010"
Fox Lake,"$24,350"
Fox Lake Hills,"$27,343"
Fox River Grove,"$28,870"
Frankfort,"$33,968"
Frankfort Square,"$22,038"
Franklin,"$16,327"
Franklin Grove,"$15,427"
Franklin Park,"$17,550"
Freeburg,"$19,851"
Freeman Spur,"$11,416"
Freeport,"$18,680"
Fulton,"$19,845"
Fults,"$11,389"
Gages Lake,"$28,391"
Galatia,"$12,810"
Galena,"$19,773"
Galesburg,"$17,214"
Galva,"$17,165"
Gardner,"$18,995"
Garrett,"$10,920"
Gays,"$19,131"
Geneseo,"$20,115"
Geneva,"$33,026"
Genoa,"$19,239"
Georgetown,"$14,275"
German Valley,"$18,564"
Germantown,"$21,851"
Germantown Hills,"$27,350"
Gibson City,"$18,926"
Gifford,"$22,040"
Gilberts,"$31,898"
Gillespie,"$19,042"
Gilman,"$17,396"
Girard,"$15,090"
Gladstone,"$16,245"
Glasford,"$16,754"
Glasgow,"$11,172"
Glen Carbon,"$26,374"
Glen Ellyn,"$39,783"
Glencoe,"$94,900"
Glendale Heights,"$21,911"
Glenview,"$52,326"
Glenview,"$43,384"
Glenwood,"$24,356"
Godfrey,"$25,292"
Godley,"$14,238"
Golconda,"$14,698"
Golden,"$16,518"
Golden Gate,"$10,214"
Golf,"$52,859"
Good Hope,"$14,555"
Goodfield,"$20,099"
Goreville,"$16,491"
Gorham,"$11,739"
Grafton,"$21,989"
Grand Ridge,"$18,287"
Grand Tower,"$14,525"
Grandview,"$17,499"
Grandwood Park,"$30,912"
Granite City,"$17,691"
Grant Park,"$22,403"
Grantfork,"$17,415"
Granville,"$20,074"
Grayslake,"$28,898"
Grayville,"$14,318"
Green Oaks,"$51,066"
Green Valley,"$17,830"
Greenfield,"$16,386"
Greenup,"$18,179"
Greenview,"$21,050"
Greenville,"$17,326"
Greenwood,"$19,216"
Gridley,"$19,752"
Griggsville,"$14,578"
Gulf Port,"$16,918"
Gurnee,"$31,517"
Hainesville,"$22,250"
Hamburg,"$17,290"
Hamel,"$19,062"
Hamilton,"$18,775"
Hammond,"$19,313"
Hampshire,"$22,143"
Hampton,"$22,492"
Hanaford,"$46,500"
Hanna City,"$20,710"
Hanover,"$17,535"
Hanover Park,"$19,960"
Hardin,"$17,461"
Harmon,"$14,697"
Harrisburg,"$15,005"
Harristown,"$18,689"
Hartford,"$16,160"
Hartsburg,"$17,057"
Harvard,"$17,253"
Harvel,"$15,740"
Harvey,"$12,336"
Harwood Heights,"$22,558"
Havana,"$16,781"
Hawthorn Woods,"$49,346"
Hazel Crest,"$19,908"
Hebron,"$18,829"
Hecker,"$18,423"
Henderson,"$17,114"
Hennepin,"$23,981"
Henning,"$18,974"
Henry,"$18,473"
Herrick,"$11,243"
Herrin,"$16,782"
Herscher,"$18,522"
Hettick,"$14,117"
Heyworth,"$20,655"
Hickory Hills,"$23,747"
Hidalgo,"$13,167"
Highland,"$21,101"
Highland Park,"$68,688"
Highwood,"$24,138"
Hillcrest,"$15,340"
Hillsboro,"$17,458"
Hillsdale,"$21,772"
Hillside,"$21,638"
Hillview,"$9,157"
Hinckley,"$23,491"
Hindsboro,"$14,014"
Hines,"$29,095"
Hinsdale,"$63,765"
Hodgkins,"$17,920"
Hoffman,"$19,897"
Hoffman Estates,"$26,669"
Holiday Hills,"$20,883"
Hollowayville,"$15,825"
Homer,"$18,788"
Homer Glen,"$31,472"
Hometown,"$19,149"
Homewood,"$26,074"
Hoopeston,"$15,055"
Hooppole,"$16,638"
Hopedale,"$17,784"
Hopewell,"$25,143"
Hopkins Park,"$8,788"
Hoyleton,"$16,543"
Hudson,"$22,141"
Huey,"$17,695"
Hull,"$13,821"
Humboldt,"$16,244"
Hume,"$14,970"
Huntley,"$27,451"
Hurst,"$12,583"
Hutsonville,"$15,774"
Illiopolis,"$19,473"
Ina,"$8,596"
Indian Creek,"$33,515"
Indian Head Park,"$40,094"
Indianola,"$16,284"
Industry,"$14,411"
Ingalls Park,"$18,628"
Inverness,"$91,623"
Iola,"$9,631"
Ipava,"$16,007"
Iroquois,"$16,624"
Irving,"$12,144"
Irvington,"$16,541"
Irwin,"$19,027"
Island Lake,"$24,206"
Itasca,"$34,117"
Iuka,"$11,520"
Ivesdale,"$18,829"
Jacksonville,"$17,482"
Jeffersonville,"$11,882"
Jeisyville,"$16,947"
Jerome,"$23,350"
Jerseyville,"$20,178"
Jewett,"$16,628"
Johnsburg,"$27,582"
Johnsonville,"$15,411"
Johnston City,"$12,764"
Joliet,"$19,390"
Jonesboro,"$15,372"
Joppa,"$8,890"
Joy,"$14,201"
Junction,"$16,256"
Junction City,"$14,114"
Justice,"$20,714"
Kampsville,"$13,158"
Kane,"$11,325"
Kangley,"$15,505"
Kankakee,"$15,479"
Kansas,"$14,590"
Kappa,"$17,451"
Karnak,"$13,346"
Kaskaskia,$0
Keenes,"$9,034"
Keensburg,"$14,889"
Keithsburg,"$14,008"
Kell,"$17,002"
Kempton,"$12,641"
Kenilworth,"$97,381"
Kenney,"$18,553"
Kewanee,"$15,746"
Keyesport,"$14,028"
Kilbourne,"$10,710"
Kildeer,"$51,973"
Kincaid,"$16,553"
Kinderhook,"$16,328"
Kingston,"$21,432"
Kingston Mines,"$14,908"
Kinmundy,"$15,279"
Kinsman,"$20,011"
Kirkland,"$18,841"
Kirkwood,"$15,040"
Knoxville,"$18,643"
La Fayette,"$15,002"
La Grange,"$34,887"
La Grange Park,"$30,247"
La Harpe,"$15,586"
La Moille,"$17,008"
La Prairie,"$8,844"
La Rose,"$17,480"
La Salle,"$19,099"
Lacon,"$18,309"
Ladd,"$21,696"
Lake Barrington,"$63,158"
Lake Bluff,"$54,824"
Lake Catherine,"$23,401"
Lake Forest,"$86,004"
Lake in the Hills,"$26,239"
Lake of the Woods,"$19,938"
Lake Summerset,"$27,160"
Lake Villa,"$26,238"
Lake Zurich,"$30,287"
Lakemoor,"$22,499"
Lakewood,"$44,579"
Lakewood Shores,"$18,414"
Lanark,"$17,518"
Lansing,"$22,547"
Latham,"$16,917"
Lawrenceville,"$16,717"
Le Roy,"$20,743"
Leaf River,"$15,620"
Lebanon,"$17,125"
Lee,"$19,709"
Leland,"$17,142"
Leland Grove,"$51,714"
Lemont,"$28,354"
Lena,"$18,613"
Lenzburg,"$13,505"
Leonore,"$19,465"
Lerna,"$19,596"
Lewistown,"$15,620"
Lexington,"$20,898"
Liberty,"$16,565"
Libertyville,"$43,279"
Lily Lake,"$29,611"
Lima,"$13,825"
Lincoln,"$17,207"
Lincolnshire,"$67,084"
Lincolnwood,"$35,911"
Lindenhurst,"$27,534"
Lisbon,"$21,456"
Lisle,"$35,693"
Litchfield,"$14,612"
Little York,"$15,121"
Littleton,"$14,670"
Liverpool,"$11,848"
Livingston,"$16,291"
Loami,"$17,661"
Lockport,"$24,939"
Loda,"$18,877"
Lomax,"$14,066"
Lombard,"$27,667"
London Mills,"$16,453"
Long Creek,"$23,141"
Long Grove,"$62,185"
Long Lake,"$21,034"
Long Point,"$16,416"
Longview,"$12,116"
Loraine,"$17,333"
Lostant,"$18,782"
Louisville,"$13,119"
Loves Park,"$20,781"
Lovington,"$17,311"
Ludlow,"$19,507"
Lyndon,"$16,870"
Lynnville,"$14,919"
Lynwood,"$22,650"
Lyons,"$20,172"
Macedonia,"$11,465"
Machesney Park,"$19,685"
Mackinaw,"$19,279"
Macomb,"$13,470"
Macon,"$18,029"
Madison,"$13,090"
Maeystown,"$14,432"
Magnolia,"$13,909"
Mahomet,"$21,990"
Makanda,"$20,937"
Malden,"$15,820"
Malta,"$20,839"
Manchester,"$13,728"
Manhattan,"$21,666"
Manito,"$18,345"
Manlius,"$16,842"
Mansfield,"$20,947"
Manteno,"$22,826"
Maple Park,"$21,932"
Mapleton,"$22,728"
Maquon,"$15,199"
Marengo,"$22,225"
Marietta,"$15,662"
Marine,"$18,133"
Marion,"$19,073"
Marissa,"$15,930"
Mark,"$18,912"
Markham,"$14,870"
Maroa,"$18,308"
Marquette Heights,"$17,935"
Marseilles,"$17,793"
Marshall,"$19,851"
Martinsville,"$14,706"
Martinton,"$16,208"
Maryville,"$27,634"
Mascoutah,"$21,569"
Mason,"$13,392"
Mason City,"$18,411"
Matherville,"$14,956"
Matteson,"$25,024"
Mattoon,"$18,186"
Maunie,"$10,165"
Maywood,"$14,915"
Mazon,"$21,890"
McCook,"$24,996"
McCullom Lake,"$20,350"
McHenry,"$23,272"
McLean,"$19,200"
McLeansboro,"$15,354"
McNabb,"$20,374"
Mechanicsburg,"$16,906"
Media,"$20,149"
Medinah,"$56,950"
Medora,"$11,052"
Melrose Park,"$16,206"
Melvin,"$16,383"
Mendon,"$15,267"
Mendota,"$17,731"
Menominee,"$14,518"
Meredosia,"$19,391"
Merrionette Park,"$22,497"
Metamora,"$20,200"
Metcalf,"$15,568"
Metropolis,"$15,967"
Middletown,"$14,478"
Midlothian,"$20,150"
Milan,"$17,608"
Milford,"$19,078"
Mill Creek,"$8,317"
Mill Shoals,"$14,355"
Milledgeville,"$19,220"
Millington,"$13,898"
Millstadt,"$21,914"
Milton,"$11,847"
Mineral,"$23,017"
Minier,"$19,478"
Minonk,"$17,688"
Minooka,"$26,054"
Modesto,"$14,356"
Mokena,"$26,737"
Moline,"$21,557"
Momence,"$17,836"
Monee,"$27,687"
Monmouth,"$15,839"
Montgomery,"$23,395"
Monticello,"$23,257"
Montrose,"$14,443"
Morris,"$22,256"
Morrison,"$20,179"
Morrisonville,"$18,324"
Morton,"$26,531"
Morton Grove,"$26,973"
Mound City,"$10,020"
Mound Station,"$17,413"
Mounds,"$11,035"
Mount Auburn,"$18,829"
Mount Carmel,"$16,391"
Mount Carroll,"$16,455"
Mount Clare,"$13,451"
Mount Erie,"$10,532"
Mount Morris,"$20,326"
Mount Olive,"$17,172"
Mount Prospect,"$26,464"
Mount Pulaski,"$18,616"
Mount Sterling,"$15,755"
Mount Vernon,"$16,268"
Mount Zion,"$22,784"
Moweaqua,"$18,195"
Muddy,"$13,384"
Mulberry Grove,"$15,105"
Muncie,"$14,822"
Mundelein,"$26,280"
Murphysboro,"$13,527"
Murrayville,"$15,353"
Naperville,"$44,235"
Naplate,"$16,459"
Naples,"$10,719"
Nashville,"$21,935"
Nason,"$15,866"
Nauvoo,"$18,150"
Nebo,"$12,468"
Nelson,"$15,043"
Neoga,"$15,173"
Neponset,"$19,846"
New Athens,"$17,627"
New Baden,"$19,268"
New Bedford,"$14,830"
New Berlin,"$19,313"
New Boston,"$15,593"
New Burnside,"$12,709"
New Canton,"$11,571"
New Douglas,"$14,617"
New Grand Chain,"$14,617"
New Haven,"$12,367"
New Holland,"$19,241"
New Lenox,"$25,161"
New Millford,"$22,937"
New Minden,"$17,942"
New Salem,"$19,351"
Newark,"$22,078"
Newman,"$17,971"
Newton,"$16,363"
Niantic,"$19,448"
Niles,"$23,543"
Nilwood,"$12,365"
Noble,"$14,290"
Nokomis,"$16,328"
Nora,"$17,608"
Normal,"$17,775"
Norridge,"$23,431"
Norris,"$16,205"
Norris City,"$13,671"
North Aurora,"$25,552"
North Barrington,"$78,326"
North Chicago,"$14,564"
North City,"$13,360"
North Henderson,"$16,292"
North Pekin,"$18,072"
North Riverside,"$24,034"
North Utica,"$23,061"
Northbrook,"$50,765"
Northfield,"$65,638"
Northlake,"$18,119"
Norwood,"$16,089"
O'Fallon,"$24,821"
Oak Brook,"$81,213"
Oak Forest,"$23,487"
Oak Grove,"$15,045"
Oak Lawn,"$23,877"
Oak Park,"$36,340"
Oakbrook Terrace,"$44,345"
Oakdale,"$18,651"
Oakford,"$21,309"
Oakland,"$15,964"
Oakwood,"$18,655"
Oakwood Hills,"$26,397"
Oblong,"$14,926"
Oconee,"$14,068"
Odell,"$18,538"
Odin,"$14,814"
Ogden,"$19,679"
Oglesby,"$18,674"
Ohio,"$18,858"
Ohlman,$0
Okawville,"$19,476"
Old Mill Creek,"$43,314"
Old Ripley,"$15,363"
Old Shawneetown,"$9,379"
Olmsted,"$13,615"
Olney,"$16,218"
Olympia Fields,"$46,698"
Omaha,"$12,766"
Onarga,"$13,623"
Oneida,"$16,991"
Oquawka,"$15,254"
Orangeville,"$17,437"
Oreana,"$20,133"
Oregon,"$19,019"
Orient,"$8,713"
Orion,"$21,043"
Orland Hills,"$21,415"
Orland Park,"$30,467"
Oswego,"$27,204"
Ottawa,"$19,426"
Otterville,"$10,588"
Owaneco,"$15,171"
Palatine,"$30,661"
Palestine,"$15,185"
Palmer,"$17,615"
Palmyra,"$14,801"
Palos Heights,"$32,895"
Palos Hills,"$25,331"
Palos Park,"$39,861"
Pana,"$14,897"
Panama,"$21,634"
Panola,"$24,259"
Papineau,"$16,730"
Paris,"$17,750"
Park City,"$18,595"
Park Forest,"$21,493"
Park Ridge,"$36,046"
Parkersburg,"$14,581"
Patoka,"$15,382"
Paw Paw,"$17,461"
Pawnee,"$21,599"
Paxton,"$18,617"
Payson,"$14,541"
Pearl,"$9,524"
Pearl City,"$19,256"
Pecatonica,"$20,420"
Pekin,"$19,616"
Peoria,"$20,512"
Peoria Heights,"$20,999"
Peotone,"$23,415"
Percy,"$15,524"
Perry,"$20,383"
Peru,"$20,658"
Pesotum,"$21,191"
Petersburg,"$18,718"
Phillipstown,"$21,188"
Philo,"$21,502"
Phoenix,"$14,321"
Pierron,"$18,196"
Pinckneyville,"$15,601"
Pingree Grove,"$23,396"
Piper City,"$19,393"
Pistakee Highlands,"$21,852"
Pittsburg,"$14,186"
Pittsfield,"$16,628"
Plainfield,"$28,242"
Plainville,"$13,700"
Plano,"$17,837"
Pleasant Hill,"$12,682"
Pleasant Plains,"$18,714"
Plymouth,"$12,150"
Pocahontas,"$14,562"
Polo,"$18,604"
Pontiac,"$16,863"
Pontoon Beach,"$15,960"
Pontoosuc,"$14,453"
Poplar Grove,"$20,493"
Port Barrington,"$41,284"
Port Byron,"$24,363"
Posen,"$17,323"
Potomac,"$15,197"
Prairie City,"$12,269"
Prairie du Rocher,"$14,771"
Prairie Grove,"$36,234"
Preston Heights,"$18,681"
Princeton,"$20,632"
Princeville,"$19,137"
Prophetstown,"$19,572"
Prospect Heights,"$28,200"
Pulaski,"$12,946"
Quincy,"$17,479"
Radom,"$13,882"
Raleigh,"$13,054"
Ramsey,"$13,878"
Rankin,"$14,005"
Ransom,"$17,524"
Rantoul,"$17,948"
Rapids City,"$24,499"
Raritan,"$14,484"
Raymond,"$18,231"
Red Bud,"$19,967"
Reddick,"$21,207"
Redmon,"$17,020"
Reynolds,"$21,804"
Richmond,"$22,332"
Richton Park,"$22,626"
Richview,"$15,546"
Ridge Farm,"$16,624"
Ridgway,"$16,959"
Ridott,"$16,846"
Ringwood,"$27,137"
Rio,"$17,181"
Ripley,"$12,210"
River Forest,"$46,123"
River Grove,"$20,390"
Riverdale,"$14,461"
Riverside,"$34,712"
Riverton,"$20,678"
Riverwoods,"$67,878"
Roanoke,"$24,489"
Robbins,"$9,837"
Roberts,"$17,926"
Robinson,"$16,637"
Rochelle,"$18,139"
Rochester,"$26,881"
Rock City,"$20,920"
Rock Falls,"$16,524"
Rock Island,"$19,202"
Rock Island Arsenal,"$15,710"
Rockbridge,"$16,243"
Rockdale,"$18,738"
Rockford,"$19,781"
Rockton,"$24,078"
Rockwood,"$9,387"
Rolling Meadows,"$26,178"
Rome,"$18,345"
Romeoville,"$21,221"
Roodhouse,"$12,281"
Roscoe,"$25,324"
Rose Hill,"$17,510"
Roselle,"$28,501"
Rosemont,"$19,781"
Roseville,"$16,225"
Rosewood Heights,"$20,527"
Rosiclare,"$15,398"
Rossville,"$16,794"
Round Lake,"$21,585"
Round Lake Beach,"$18,113"
Round Lake Heights,"$17,868"
Round Lake Park,"$18,279"
Roxana,"$20,511"
Royal,"$22,019"
Royal Lakes,"$10,049"
Royalton,"$15,778"
Ruma,"$16,176"
Rushville,"$16,180"
Russellville,"$11,843"
Rutland,"$16,892"
Sadorus,"$18,540"
Sailor Springs,"$12,785"
Salem,"$16,954"
San Jose,"$18,110"
Sandoval,"$14,739"
Sandwich,"$19,530"
Sauget,"$19,330"
Sauk Village,"$16,598"
Saunemin,"$15,439"
Savanna,"$15,150"
Savoy,"$25,949"
Sawyerville,"$13,415"
Saybrook,"$16,671"
Scales Mound,"$15,992"
Schaumburg,"$30,587"
Schiller Park,"$17,781"
Schram City,"$16,994"
Sciota,"$15,280"
Scott AFB,"$15,421"
Scottville,"$14,362"
Seaton,"$35,832"
Seatonville,"$26,197"
Secor,"$22,635"
Seneca,"$19,273"
Sesser,"$15,378"
Shabbona,"$20,239"
Shannon,"$21,108"
Shawneetown,"$17,834"
Sheffield,"$17,723"
Shelbyville,"$17,596"
Sheldon,"$15,627"
Sheridan,"$11,352"
Sherman,"$27,491"
Sherrard,"$18,967"
Shiloh,"$25,550"
Shipman,"$15,139"
Shorewood,"$28,199"
Shumway,"$16,032"
Sibley,"$21,317"
Sidell,"$15,061"
Sidney,"$21,425"
Sigel,"$15,933"
Silvis,"$16,764"
Simpson,"$13,325"
Sims,"$10,870"
Skokie,"$27,136"
Sleepy Hollow,"$31,005"
Smithboro,"$10,284"
Smithfield,"$16,661"
Smithton,"$19,695"
Somonauk,"$19,110"
Sorento,"$13,167"
South Barrington,"$75,185"
South Beloit,"$18,363"
South Chicago Heights,"$18,179"
South Elgin,"$25,676"
South Holland,"$24,977"
South Jacksonville,"$20,973"
South Pekin,"$15,717"
South Roxana,"$14,938"
South Wilmington,"$19,078"
Southern View,"$18,633"
Sparland,"$13,924"
Sparta,"$16,343"
Spaulding,"$21,168"
Spillertown,"$18,674"
Spring Bay,"$18,915"
Spring Grove,"$25,506"
Spring Valley,"$19,467"
Springerton,"$12,568"
Springfield,"$23,324"
St. Anne,"$16,702"
St. Augustine,"$15,549"
St. Charles,"$33,969"
St. David,"$14,292"
St. Elmo,"$14,048"
St. Francisville,"$12,955"
St. Jacob,"$20,340"
St. Johns,"$15,802"
St. Joseph,"$21,381"
St. Libory,"$20,024"
St. Peter,"$15,192"
Standard,"$17,453"
Standard City,"$22,852"
Stanford,"$18,687"
Staunton,"$16,905"
Ste. Marie,"$14,479"
Steeleville,"$19,124"
Steger,"$19,816"
Sterling,"$19,432"
Steward,"$16,270"
Stewardson,"$15,586"
Stickney,"$19,109"
Stillman Valley,"$21,036"
Stockton,"$17,728"
Stone Park,"$12,887"
Stonefort,"$16,937"
Stonington,"$17,094"
Stoy,"$14,229"
Strasburg,"$16,102"
Strawn,"$14,424"
Streamwood,"$23,961"
Streator,"$16,650"
Stronghurst,"$17,269"
Sublette,"$22,982"
Sugar Grove,"$30,299"
Sullivan,"$17,693"
Summerfield,"$13,283"
Summit Argo,"$14,611"
Sumner,"$14,808"
Sun River Terrace,"$11,692"
Swansea,"$25,634"
Sycamore,"$23,112"
Symerton,"$17,863"
Table Grove,"$17,877"
Tallula,"$16,088"
Tamaroa,"$14,573"
Tamms,"$11,131"
Tampico,"$14,467"
Taylor Springs,"$14,279"
Taylorville,"$18,162"
Tennessee,"$13,311"
Teutopolis,"$21,280"
Thawville,"$18,149"
Thayer,"$20,933"
Thebes,"$11,262"
Third Lake,"$34,921"
Thomasboro,"$17,866"
Thompsonville,"$13,327"
Thomson,"$17,261"
Thornton,"$22,899"
Tilden,"$14,738"
Tilton,"$16,276"
Timberlane,"$31,529"
Time,"$12,253"
Tinley Park,"$25,207"
Tiskilwa,"$17,625"
Toledo,"$14,246"
Tolono,"$19,894"
Toluca,"$20,243"
Tonica,"$22,484"
Topeka,"$39,651"
Toulon,"$16,219"
Tovey,"$14,712"
Towanda,"$18,702"
Tower Hill,"$14,208"
Tower Lakes,"$52,025"
Tremont,"$21,888"
Trenton,"$21,393"
Trout Valley,"$58,013"
Troy,"$21,174"
Troy Grove,"$16,595"
Tuscola,"$19,465"
Ullin,"$12,789"
Union,"$21,218"
Union Hill,"$21,371"
University Park,"$20,017"
Urbana,"$15,969"
Ursa,"$16,600"
Valier,"$16,366"
Valley City,"$6,833"
Valmeyer,"$20,420"
Vandalia,"$14,918"
Varna,"$15,948"
Venedy,"$18,061"
Venetian Village,"$23,504"
Venice,"$11,483"
Vergennes,"$8,574"
Vermilion,"$13,157"
Vermont,"$13,333"
Vernon,"$9,686"
Vernon Hills,"$32,246"
Verona,"$16,387"
Versailles,"$14,876"
Victoria,"$13,446"
Vienna,"$13,662"
Villa Grove,"$16,504"
Villa Park,"$22,354"
Viola,"$18,127"
Virden,"$16,541"
Virgil,"$26,881"
Virginia,"$17,979"
Volo,"$22,791"
Wadsworth,"$35,171"
Waggoner,"$12,534"
Walnut,"$20,126"
Walnut Hill,"$9,025"
Walshville,"$11,080"
Waltonville,"$12,233"
Wamac,"$13,781"
Wapella,"$17,395"
Warren,"$19,611"
Warrensburg,"$19,041"
Warrenville,"$28,922"
Warsaw,"$18,279"
Washburn,"$17,619"
Washington,"$24,231"
Washington Park,"$8,495"
Wataga,"$15,553"
Waterloo,"$21,081"
Waterman,"$18,836"
Watseka,"$16,638"
Watson,"$13,000"
Wauconda,"$26,355"
Waukegan,"$17,368"
Waverly,"$18,205"
Wayne,"$54,990"
Wayne City,"$13,333"
Waynesville,"$16,640"
Weldon,"$20,851"
Wellington,"$17,324"
Wenona,"$17,951"
Wenonah,"$19,890"
West Brooklyn,"$16,102"
West Chicago,"$19,287"
West City,"$12,328"
West Dundee,"$30,674"
West Frankfort,"$14,671"
West Peoria,"$22,247"
West Point,"$13,631"
West Salem,"$15,179"
Westchester,"$29,634"
Western Springs,"$43,699"
Westfield,"$14,103"
Westmont,"$26,394"
Westville,"$17,538"
Wheaton,"$34,147"
Wheeler,"$9,425"
Wheeling,"$24,989"
White City,"$14,826"
White Hall,"$14,982"
Whiteash,"$11,780"
Williamsfield,"$17,941"
Williamson,"$12,988"
Williamsville,"$20,201"
Willisville,"$12,832"
Willow Hill,"$10,926"
Willow Springs,"$30,394"
Willowbrook,"$37,715"
Willowbrook,"$33,177"
Wilmette,"$67,116"
Wilmington,"$24,357"
Wilmington,"$14,670"
Wilsonville,"$15,089"
Winchester,"$17,354"
Windsor,"$19,811"
Windsor,"$16,002"
Winfield,"$35,482"
Winnebago,"$21,019"
Winnetka,"$98,139"
Winslow,"$15,595"
Winthrop Harbor,"$24,256"
Witt,"$14,817"
Wonder Lake,"$21,428"
Wonder Lake,"$21,352"
Wood Dale,"$25,507"
Wood River,"$18,098"
Woodhull,"$18,738"
Woodland,"$14,707"
Woodlawn,"$16,013"
Woodridge,"$27,851"
Woodson,"$17,175"
Woodstock,"$23,210"
Worden,"$18,485"
Worth,"$19,449"
Wyanet,"$16,888"
Wyoming,"$16,574"
Xenia,"$16,944"
Yale,"$18,199"
Yates City,"$18,036"
Yorkville,"$24,514"
Zeigler,"$13,781"
Zion,"$17,730"